Player,Team,Pos,Age,G,AB,R,H,2B,3B,HR,RBI,SB,CS,BB,SO,SH,SF,HBP,AVG,OBP,SLG,OPS,OBP+,SLG+,wRC+
Francisco Lindor,NYM,SS,32,160,644,117,172,35,0,31,86,31,6,65,131,0,7,16,0.267,0.346,0.466,0.812,109,116,129
Francisco Lindor,NYM,SS,32,160,644,117,172,35,0,31,86,31,6,65,131,0,7,16,0.267,0.346,0.466,0.812,109,116,129
Elly De La Cruz,CIN,SS,23,162,629,102,166,31,7,22,86,37,8,67,181,0,1,2,0.264,0.336,0.44,0.776,106,110,109
Elly De La Cruz,CIN,SS,23,162,629,102,166,31,7,22,86,37,8,67,181,0,1,2,0.264,0.336,0.44,0.776,106,110,109
Brent Rooker,ATH,OF,31,162,626,92,164,40,3,30,89,6,1,65,155,0,2,5,0.262,0.335,0.479,0.814,107,118,122
Brent Rooker,ATH,OF,31,162,626,92,164,40,3,30,89,6,1,65,155,0,2,5,0.262,0.335,0.479,0.814,107,118,122
Steven Kwan,CLE,OF,28,156,625,81,170,29,1,11,56,21,5,55,60,3,7,3,0.272,0.33,0.374,0.704,106,92,99
Steven Kwan,CLE,OF,28,156,625,81,170,29,1,11,56,21,5,55,60,3,7,3,0.272,0.33,0.374,0.704,106,92,99
Pete Alonso,NYM,1B,30,162,624,87,170,41,1,38,126,1,2,61,162,0,9,15,0.272,0.347,0.524,0.871,109,130,141
Pete Alonso,NYM,1B,30,162,624,87,170,41,1,38,126,1,2,61,162,0,9,15,0.272,0.347,0.524,0.871,109,130,141
Matt Olson,ATL,1B,31,162,624,98,170,41,2,29,95,1,0,91,176,0,5,4,0.272,0.366,0.484,0.85,115,120,136
Matt Olson,ATL,1B,31,162,624,98,170,41,2,29,95,1,0,91,176,0,5,4,0.272,0.366,0.484,0.85,115,120,136
Vinnie Pasquantino,KC,1B,28,160,621,72,164,33,1,32,113,1,0,49,107,0,5,7,0.264,0.323,0.475,0.798,103,117,116
Vinnie Pasquantino,KC,1B,28,160,621,72,164,33,1,32,113,1,0,49,107,0,5,7,0.264,0.323,0.475,0.798,103,117,116
Jarren Duran,BOS,OF,29,157,620,86,159,41,13,16,84,24,6,60,169,1,3,12,0.256,0.332,0.442,0.774,106,109,111
Jarren Duran,BOS,OF,29,157,620,86,159,41,13,16,84,24,6,60,169,1,3,12,0.256,0.332,0.442,0.774,106,109,111
Luis Arraez,SD,1B,28,154,620,66,181,30,4,8,61,11,4,34,21,12,7,2,0.292,0.327,0.392,0.719,103,97,104
Luis Arraez,SD,1B,28,154,620,66,181,30,4,8,61,11,4,34,21,12,7,2,0.292,0.327,0.392,0.719,103,97,104
Heliot Ramos,SF,OF,26,157,620,85,159,24,1,21,69,6,4,52,158,0,6,17,0.256,0.328,0.4,0.728,103,99,106
Heliot Ramos,SF,OF,26,157,620,85,159,24,1,21,69,6,4,52,158,0,6,17,0.256,0.328,0.4,0.728,103,99,106
Manny Machado,SD,3B,33,159,615,91,169,33,0,27,95,14,3,55,131,0,5,3,0.275,0.335,0.46,0.795,106,114,123
Manny Machado,SD,3B,33,159,615,91,169,33,0,27,95,14,3,55,131,0,5,3,0.275,0.335,0.46,0.795,106,114,123
Randy Arozarena,SEA,OF,30,160,613,95,146,32,1,27,76,31,6,64,191,0,5,27,0.238,0.334,0.426,0.76,107,105,120
Randy Arozarena,SEA,OF,30,160,613,95,146,32,1,27,76,31,6,64,191,0,5,27,0.238,0.334,0.426,0.76,107,105,120
Trevor Story,BOS,SS,33,157,612,91,161,29,0,25,96,31,1,33,176,1,1,7,0.263,0.308,0.433,0.741,98,107,101
Trevor Story,BOS,SS,33,157,612,91,161,29,0,25,96,31,1,33,176,1,1,7,0.263,0.308,0.433,0.741,98,107,101
Shohei Ohtani,LAD,DH,31,158,611,146,172,25,9,55,102,20,6,109,187,0,2,3,0.282,0.392,0.622,1.014,123,155,172
Shohei Ohtani,LAD,DH,31,158,611,146,172,25,9,55,102,20,6,109,187,0,2,3,0.282,0.392,0.622,1.014,123,155,172
Kyle Schwarber,PHI,DH,32,162,604,111,145,23,2,56,132,10,2,108,197,0,1,11,0.24,0.365,0.563,0.928,115,140,152
Kyle Schwarber,PHI,DH,32,162,604,111,145,23,2,56,132,10,2,108,197,0,1,11,0.24,0.365,0.563,0.928,115,140,152
Ozzie Albies,ATL,2B,28,157,603,74,145,23,2,16,74,14,3,55,94,0,5,4,0.24,0.306,0.365,0.671,96,91,87
Ozzie Albies,ATL,2B,28,157,603,74,145,23,2,16,74,14,3,55,94,0,5,4,0.24,0.306,0.365,0.671,96,91,87
Junior Caminero,TB,3B,22,154,602,93,159,28,0,45,110,7,1,41,125,0,7,3,0.264,0.311,0.535,0.846,99,132,129
Junior Caminero,TB,3B,22,154,602,93,159,28,0,45,110,7,1,41,125,0,7,3,0.264,0.311,0.535,0.846,99,132,129
Riley Greene,DET,OF,25,157,600,84,155,31,1,36,111,2,1,46,201,0,5,4,0.258,0.313,0.493,0.806,100,122,121
Riley Greene,DET,OF,25,157,600,84,155,31,1,36,111,2,1,46,201,0,5,4,0.258,0.313,0.493,0.806,100,122,121
Nico Hoerner,CHC,2B,28,156,599,89,178,29,4,7,61,29,6,39,49,0,4,7,0.297,0.345,0.394,0.739,109,98,109
Nico Hoerner,CHC,2B,28,156,599,89,178,29,4,7,61,29,6,39,49,0,4,7,0.297,0.345,0.394,0.739,109,98,109
James Wood,WSH,OF,23,157,598,87,153,38,0,31,94,15,7,85,221,0,3,3,0.256,0.35,0.475,0.825,110,118,127
James Wood,WSH,OF,23,157,598,87,153,38,0,31,94,15,7,85,221,0,3,3,0.256,0.35,0.475,0.825,110,118,127
Geraldo Perdomo,ARI,SS,26,161,597,98,173,33,5,20,100,27,6,94,83,8,11,10,0.29,0.389,0.462,0.851,123,115,138
Geraldo Perdomo,ARI,SS,26,161,597,98,173,33,5,20,100,27,6,94,83,8,11,10,0.29,0.389,0.462,0.851,123,115,138
Salvador Perez,KC,C,35,155,597,54,141,35,0,30,100,0,0,28,125,0,1,12,0.236,0.284,0.446,0.73,91,110,95
Salvador Perez,KC,C,35,155,597,54,141,35,0,30,100,0,0,28,125,0,1,12,0.236,0.284,0.446,0.73,91,110,95
Cal Raleigh,SEA,C,29,159,596,110,147,24,0,60,125,14,4,97,188,0,3,9,0.247,0.359,0.589,0.948,115,145,161
Cal Raleigh,SEA,C,29,159,596,110,147,24,0,60,125,14,4,97,188,0,3,9,0.247,0.359,0.589,0.948,115,145,161
Maikel Garcia,KC,3B,25,160,595,81,170,39,5,16,74,23,9,62,84,3,5,1,0.286,0.351,0.449,0.8,112,111,121
Maikel Garcia,KC,3B,25,160,595,81,170,39,5,16,74,23,9,62,84,3,5,1,0.286,0.351,0.449,0.8,112,111,121
Willy Adames,SF,SS,30,160,591,94,133,22,2,30,87,12,4,80,179,0,9,5,0.225,0.318,0.421,0.739,100,105,108
Willy Adames,SF,SS,30,160,591,94,133,22,2,30,87,12,4,80,179,0,9,5,0.225,0.318,0.421,0.739,100,105,108
Pete Crow-Armstrong,CHC,OF,23,157,591,91,146,37,4,31,95,35,8,29,155,6,12,9,0.247,0.287,0.481,0.768,90,120,109
Pete Crow-Armstrong,CHC,OF,23,157,591,91,146,37,4,31,95,35,8,29,155,6,12,9,0.247,0.287,0.481,0.768,90,120,109
Dansby Swanson,CHC,SS,31,159,590,84,144,24,3,24,77,20,3,47,168,1,5,2,0.244,0.3,0.417,0.717,94,104,99
Dansby Swanson,CHC,SS,31,159,590,84,144,24,3,24,77,20,3,47,168,1,5,2,0.244,0.3,0.417,0.717,94,104,99
Trea Turner,PHI,SS,32,141,589,94,179,31,7,15,69,36,7,43,107,0,2,5,0.304,0.355,0.457,0.812,112,114,125
Trea Turner,PHI,SS,32,141,589,94,179,31,7,15,69,36,7,43,107,0,2,5,0.304,0.355,0.457,0.812,112,114,125
Mookie Betts,LAD,SS,33,150,589,95,152,23,2,20,82,8,2,61,68,0,10,3,0.258,0.326,0.406,0.732,103,101,104
Mookie Betts,LAD,SS,33,150,589,95,152,23,2,20,82,8,2,61,68,0,10,3,0.258,0.326,0.406,0.732,103,101,104
Cody Bellinger,NYY,OF,30,152,588,89,160,25,5,29,98,13,2,57,90,0,9,2,0.272,0.334,0.48,0.814,107,118,125
Cody Bellinger,NYY,OF,30,152,588,89,160,25,5,29,98,13,2,57,90,0,9,2,0.272,0.334,0.48,0.814,107,118,125
Jose Altuve,HOU,2B,35,155,588,80,156,24,1,26,77,10,6,55,109,1,6,4,0.265,0.329,0.442,0.771,105,109,113
Jose Altuve,HOU,2B,35,155,588,80,156,24,1,26,77,10,6,55,109,1,6,4,0.265,0.329,0.442,0.771,105,109,113
Brandon Nimmo,NYM,OF,32,155,587,81,154,27,0,25,92,13,1,50,141,1,7,7,0.262,0.324,0.436,0.76,102,108,114
Brandon Nimmo,NYM,OF,32,155,587,81,154,27,0,25,92,13,1,50,141,1,7,7,0.262,0.324,0.436,0.76,102,108,114
Bryan Reynolds,PIT,OF,30,154,587,68,144,38,3,16,73,3,2,57,173,0,3,7,0.245,0.318,0.402,0.72,100,100,99
Bryan Reynolds,PIT,OF,30,154,587,68,144,38,3,16,73,3,2,57,173,0,3,7,0.245,0.318,0.402,0.72,100,100,99
Jackson Holliday,BAL,2B,21,149,586,70,142,21,3,17,55,17,11,56,140,0,1,6,0.242,0.314,0.375,0.689,100,93,96
Jackson Holliday,BAL,2B,21,149,586,70,142,21,3,17,55,17,11,56,140,0,1,6,0.242,0.314,0.375,0.689,100,93,96
Christian Walker,HOU,1B,34,154,585,72,139,24,1,27,88,2,1,40,177,0,4,11,0.238,0.297,0.421,0.718,95,104,99
Christian Walker,HOU,1B,34,154,585,72,139,24,1,27,88,2,1,40,177,0,4,11,0.238,0.297,0.421,0.718,95,104,99
Brice Turang,MIL,2B,26,156,584,97,168,28,2,18,81,24,8,66,150,2,5,2,0.288,0.359,0.435,0.794,113,108,124
Brice Turang,MIL,2B,26,156,584,97,168,28,2,18,81,24,8,66,150,2,5,2,0.288,0.359,0.435,0.794,113,108,124
Bo Bichette,TOR,SS,27,139,582,78,181,44,1,18,94,4,3,40,91,0,3,3,0.311,0.357,0.483,0.84,114,119,134
Bo Bichette,TOR,SS,27,139,582,78,181,44,1,18,94,4,3,40,91,0,3,3,0.311,0.357,0.483,0.84,114,119,134
Andy Pages,LAD,OF,24,156,581,74,158,27,1,27,86,14,7,29,135,0,6,8,0.272,0.313,0.461,0.774,99,115,113
Andy Pages,LAD,OF,24,156,581,74,158,27,1,27,86,14,7,29,135,0,6,8,0.272,0.313,0.461,0.774,99,115,113
CJ Abrams,WSH,SS,25,144,580,92,149,35,5,19,60,31,3,37,125,1,3,14,0.257,0.315,0.433,0.748,99,108,107
CJ Abrams,WSH,SS,25,144,580,92,149,35,5,19,60,31,3,37,125,1,3,14,0.257,0.315,0.433,0.748,99,108,107
TJ Friedl,CIN,OF,30,152,579,82,151,22,2,14,53,12,3,81,115,4,5,16,0.261,0.364,0.378,0.742,115,94,109
TJ Friedl,CIN,OF,30,152,579,82,151,22,2,14,53,12,3,81,115,4,5,16,0.261,0.364,0.378,0.742,115,94,109
Taylor Ward,LAA,OF,31,157,579,86,132,31,2,36,103,4,1,75,175,0,6,3,0.228,0.317,0.475,0.792,101,117,117
Taylor Ward,LAA,OF,31,157,579,86,132,31,2,36,103,4,1,75,175,0,6,3,0.228,0.317,0.475,0.792,101,117,117
Juan Soto,NYM,OF,27,160,577,120,152,20,1,43,105,38,4,127,137,1,6,3,0.263,0.396,0.525,0.921,125,131,156
Juan Soto,NYM,OF,27,160,577,120,152,20,1,43,105,38,4,127,137,1,6,3,0.263,0.396,0.525,0.921,125,131,156
Gunnar Henderson,BAL,SS,24,154,577,85,158,34,5,17,68,30,5,62,137,0,5,7,0.274,0.349,0.438,0.787,111,108,120
Gunnar Henderson,BAL,SS,24,154,577,85,158,34,5,17,68,30,5,62,137,0,5,7,0.274,0.349,0.438,0.787,111,108,120
Christian Yelich,MIL,DH,33,150,573,88,151,21,0,29,103,16,6,64,167,0,1,6,0.264,0.343,0.452,0.795,108,112,121
Christian Yelich,MIL,DH,33,150,573,88,151,21,0,29,103,16,6,64,167,0,1,6,0.264,0.343,0.452,0.795,108,112,121
Seiya Suzuki,CHC,OF,31,151,571,75,140,31,3,32,103,5,2,71,164,0,8,1,0.245,0.326,0.478,0.804,103,119,123
Seiya Suzuki,CHC,OF,31,151,571,75,140,31,3,32,103,5,2,71,164,0,8,1,0.245,0.326,0.478,0.804,103,119,123
J.P. Crawford,SEA,SS,30,157,570,69,151,24,0,12,58,8,1,74,122,6,1,3,0.265,0.352,0.37,0.722,112,91,113
J.P. Crawford,SEA,SS,30,157,570,69,151,24,0,12,58,8,1,74,122,6,1,3,0.265,0.352,0.37,0.722,112,91,113
Ian Happ,CHC,OF,31,150,569,87,138,32,0,23,79,6,3,87,151,0,5,2,0.243,0.342,0.42,0.762,108,104,116
Ian Happ,CHC,OF,31,150,569,87,138,32,0,23,79,6,3,87,151,0,5,2,0.243,0.342,0.42,0.762,108,104,116
Lawrence Butler,ATH,OF,25,152,569,83,133,30,2,21,63,22,7,59,179,2,0,0,0.234,0.306,0.404,0.71,98,100,96
Lawrence Butler,ATH,OF,25,152,569,83,133,30,2,21,63,22,7,59,179,2,0,0,0.234,0.306,0.404,0.71,98,100,96
William Contreras,MIL,C,27,150,566,89,147,28,0,17,76,6,4,84,120,0,6,3,0.26,0.355,0.399,0.754,112,99,113
William Contreras,MIL,C,27,150,566,89,147,28,0,17,76,6,4,84,120,0,6,3,0.26,0.355,0.399,0.754,112,99,113
Corbin Carroll,ARI,OF,25,143,564,107,146,32,17,31,84,32,6,67,153,0,4,7,0.259,0.343,0.541,0.884,108,134,139
Corbin Carroll,ARI,OF,25,143,564,107,146,32,17,31,84,32,6,67,153,0,4,7,0.259,0.343,0.541,0.884,108,134,139
Spencer Torkelson,DET,1B,26,155,563,82,135,27,1,31,78,2,1,72,169,0,5,9,0.24,0.333,0.456,0.789,106,113,118
Spencer Torkelson,DET,1B,26,155,563,82,135,27,1,31,78,2,1,72,169,0,5,9,0.24,0.333,0.456,0.789,106,113,118
Tyler Soderstrom,ATH,OF,24,158,561,75,155,34,1,25,93,8,3,55,141,0,2,6,0.276,0.346,0.474,0.82,111,117,125
Tyler Soderstrom,ATH,OF,24,158,561,75,155,34,1,25,93,8,3,55,141,0,2,6,0.276,0.346,0.474,0.82,111,117,125
Xavier Edwards,MIA,2B,26,139,561,75,159,20,5,3,43,27,7,49,88,3,3,3,0.283,0.343,0.353,0.696,108,88,95
Xavier Edwards,MIA,2B,26,139,561,75,159,20,5,3,43,27,7,49,88,3,3,3,0.283,0.343,0.353,0.696,108,88,95
Jung Hoo Lee,SF,OF,27,150,560,73,149,31,12,8,55,10,3,47,71,0,4,6,0.266,0.327,0.407,0.734,103,101,107
Jung Hoo Lee,SF,OF,27,150,560,73,149,31,12,8,55,10,3,47,71,0,4,6,0.266,0.327,0.407,0.734,103,101,107
Freddie Freeman,LAD,1B,36,147,556,81,164,39,2,24,90,6,2,60,128,0,5,6,0.295,0.367,0.502,0.869,116,125,139
Freddie Freeman,LAD,1B,36,147,556,81,164,39,2,24,90,6,2,60,128,0,5,6,0.295,0.367,0.502,0.869,116,125,139
Jackson Chourio,MIL,OF,21,131,549,88,148,35,4,21,78,21,7,30,121,1,6,3,0.27,0.308,0.463,0.771,97,115,111
Jackson Chourio,MIL,OF,21,131,549,88,148,35,4,21,78,21,7,30,121,1,6,3,0.27,0.308,0.463,0.771,97,115,111
Nick Castellanos,PHI,OF,33,147,547,72,137,27,2,17,72,4,0,32,133,0,6,4,0.25,0.294,0.4,0.694,93,100,90
Nick Castellanos,PHI,OF,33,147,547,72,137,27,2,17,72,4,0,32,133,0,6,4,0.25,0.294,0.4,0.694,93,100,90
Ceddanne Rafaela,BOS,OF,25,156,546,84,136,34,4,16,63,20,5,28,117,3,2,8,0.249,0.295,0.414,0.709,94,102,91
Ceddanne Rafaela,BOS,OF,25,156,546,84,136,34,4,16,63,20,5,28,117,3,2,8,0.249,0.295,0.414,0.709,94,102,91
Ernie Clement,TOR,3B,29,157,545,83,151,35,2,9,50,6,5,27,61,7,5,4,0.277,0.313,0.398,0.711,100,98,98
Ernie Clement,TOR,3B,29,157,545,83,151,35,2,9,50,6,5,27,61,7,5,4,0.277,0.313,0.398,0.711,100,98,98
Otto Lopez,MIA,SS,27,143,544,66,134,21,0,15,77,15,6,44,82,0,3,3,0.246,0.305,0.368,0.673,96,91,86
Otto Lopez,MIA,SS,27,143,544,66,134,21,0,15,77,15,6,44,82,0,3,3,0.246,0.305,0.368,0.673,96,91,86
Yainer Diaz,HOU,C,27,143,542,56,139,25,1,20,70,1,1,20,95,0,3,2,0.256,0.284,0.417,0.701,91,103,92
Yainer Diaz,HOU,C,27,143,542,56,139,25,1,20,70,1,1,20,95,0,3,2,0.256,0.284,0.417,0.701,91,103,92
Aaron Judge,NYY,OF,33,152,541,137,179,30,2,53,114,12,5,124,160,0,7,7,0.331,0.457,0.688,1.145,146,170,204
Aaron Judge,NYY,OF,33,152,541,137,179,30,2,53,114,12,5,124,160,0,7,7,0.331,0.457,0.688,1.145,146,170,204
Hunter Goodman,COL,C,26,144,540,73,150,28,5,31,91,1,2,33,152,0,2,4,0.278,0.323,0.52,0.843,102,129,118
Hunter Goodman,COL,C,26,144,540,73,150,28,5,31,91,1,2,33,152,0,2,4,0.278,0.323,0.52,0.843,102,129,118
Jordan Beck,COL,OF,24,148,539,62,139,27,5,16,53,19,8,43,174,0,1,4,0.258,0.317,0.416,0.733,100,103,90
Jordan Beck,COL,OF,24,148,539,62,139,27,5,16,53,19,8,43,174,0,1,4,0.258,0.317,0.416,0.733,100,103,90
Anthony Volpe,NYY,SS,24,153,539,65,114,32,4,19,72,18,8,43,150,3,7,4,0.212,0.272,0.391,0.663,87,97,83
Anthony Volpe,NYY,SS,24,153,539,65,114,32,4,19,72,18,8,43,150,3,7,4,0.212,0.272,0.391,0.663,87,97,83
Gleyber Torres,DET,2B,28,145,532,79,136,22,0,16,74,4,1,85,101,0,7,4,0.256,0.358,0.387,0.745,114,95,113
Gleyber Torres,DET,2B,28,145,532,79,136,22,0,16,74,4,1,85,101,0,7,4,0.256,0.358,0.387,0.745,114,95,113
Sal Frelick,MIL,OF,25,142,528,76,152,20,3,12,63,19,6,47,80,3,5,7,0.288,0.351,0.405,0.756,111,101,114
Sal Frelick,MIL,OF,25,142,528,76,152,20,3,12,63,19,6,47,80,3,5,7,0.288,0.351,0.405,0.756,111,101,114
Jo Adell,LAA,OF,26,152,526,63,124,18,1,37,98,5,1,33,151,0,1,10,0.236,0.293,0.485,0.778,94,120,112
Jo Adell,LAA,OF,26,152,526,63,124,18,1,37,98,5,1,33,151,0,1,10,0.236,0.293,0.485,0.778,94,120,112
Michael Busch,CHC,1B,28,155,524,78,137,25,5,34,90,4,0,56,139,0,2,10,0.261,0.343,0.523,0.866,108,130,140
Michael Busch,CHC,1B,28,155,524,78,137,25,5,34,90,4,0,56,139,0,2,10,0.261,0.343,0.523,0.866,108,130,140
Lenyn Sosa,CWS,1B,25,140,518,57,137,20,1,22,75,2,1,18,127,1,3,4,0.264,0.293,0.434,0.727,94,107,100
Lenyn Sosa,CWS,1B,25,140,518,57,137,20,1,22,75,2,1,18,127,1,3,4,0.264,0.293,0.434,0.727,94,107,100
Matt McLain,CIN,2B,26,147,510,73,112,18,0,15,50,18,2,55,167,3,4,5,0.22,0.3,0.343,0.643,94,85,77
Matt McLain,CIN,2B,26,147,510,73,112,18,0,15,50,18,2,55,167,3,4,5,0.22,0.3,0.343,0.643,94,85,77
Spencer Steer,CIN,1B,27,146,509,66,121,21,2,21,75,7,1,51,129,1,2,5,0.238,0.312,0.411,0.723,98,102,97
Spencer Steer,CIN,1B,27,146,509,66,121,21,2,21,75,7,1,51,129,1,2,5,0.238,0.312,0.411,0.723,98,102,97
Lars Nootbaar,STL,OF,28,135,509,68,119,24,1,13,48,4,5,64,119,1,3,6,0.234,0.325,0.361,0.686,102,90,96
Lars Nootbaar,STL,OF,28,135,509,68,119,24,1,13,48,4,5,64,119,1,3,6,0.234,0.325,0.361,0.686,102,90,96
Brandon Lowe,TB,2B,31,134,507,79,130,19,0,31,83,3,2,38,149,0,6,2,0.256,0.307,0.477,0.784,98,118,114
Brandon Lowe,TB,2B,31,134,507,79,130,19,0,31,83,3,2,38,149,0,6,2,0.256,0.307,0.477,0.784,98,118,114
Miguel Vargas,CWS,3B,26,138,504,80,118,32,2,16,60,6,0,56,100,0,3,6,0.234,0.316,0.401,0.717,101,99,101
Miguel Vargas,CWS,3B,26,138,504,80,118,32,2,16,60,6,0,56,100,0,3,6,0.234,0.316,0.401,0.717,101,99,101
Trevor Larnach,MIN,OF,28,142,503,62,126,24,1,17,60,4,4,53,122,0,6,4,0.25,0.323,0.404,0.727,103,100,102
Trevor Larnach,MIN,OF,28,142,503,62,126,24,1,17,60,4,4,53,122,0,6,4,0.25,0.323,0.404,0.727,103,100,102
Brenton Doyle,COL,OF,27,138,502,57,117,23,2,15,57,18,2,30,138,2,4,0,0.233,0.274,0.376,0.65,86,94,65
Brenton Doyle,COL,OF,27,138,502,57,117,23,2,15,57,18,2,30,138,2,4,0,0.233,0.274,0.376,0.65,86,94,65
J.T. Realmuto,PHI,C,34,134,502,57,129,26,1,12,52,8,2,35,129,0,3,9,0.257,0.315,0.384,0.699,99,96,94
J.T. Realmuto,PHI,C,34,134,502,57,129,26,1,12,52,8,2,35,129,0,3,9,0.257,0.315,0.384,0.699,99,96,94
Zach Neto,LAA,SS,24,128,502,82,129,29,1,26,62,26,9,33,149,2,3,14,0.257,0.319,0.474,0.793,102,117,116
Zach Neto,LAA,SS,24,128,502,82,129,29,1,26,62,26,9,33,149,2,3,14,0.257,0.319,0.474,0.793,102,117,116
Bryce Harper,PHI,1B,33,132,501,72,131,32,0,27,75,12,2,70,121,0,3,6,0.261,0.357,0.487,0.844,113,121,131
Bryce Harper,PHI,1B,33,132,501,72,131,32,0,27,75,12,2,70,121,0,3,6,0.261,0.357,0.487,0.844,113,121,131
Luis Rengifo,LAA,3B,28,147,501,55,119,16,3,9,43,10,7,33,104,1,3,3,0.238,0.287,0.335,0.622,92,83,73
Luis Rengifo,LAA,3B,28,147,501,55,119,16,3,9,43,10,7,33,104,1,3,3,0.238,0.287,0.335,0.622,92,83,73
Kyle Tucker,CHC,OF,28,136,500,91,133,25,4,22,73,25,3,87,88,1,3,4,0.266,0.377,0.464,0.841,119,115,136
Kyle Tucker,CHC,OF,28,136,500,91,133,25,4,22,73,25,3,87,88,1,3,4,0.266,0.377,0.464,0.841,119,115,136
Bryson Stott,PHI,2B,28,147,499,66,128,22,3,13,66,24,5,54,91,2,4,1,0.257,0.328,0.391,0.719,103,97,100
Bryson Stott,PHI,2B,28,147,499,66,128,22,3,13,66,24,5,54,91,2,4,1,0.257,0.328,0.391,0.719,103,97,100
George Springer,TOR,OF,36,140,498,106,154,27,1,32,84,18,1,69,111,0,4,8,0.309,0.399,0.56,0.959,127,138,166
George Springer,TOR,OF,36,140,498,106,154,27,1,32,84,18,1,69,111,0,4,8,0.309,0.399,0.56,0.959,127,138,166
Alec Burleson,STL,OF,27,139,497,54,144,26,2,18,69,5,1,39,79,1,4,3,0.29,0.343,0.459,0.802,108,114,124
Alec Burleson,STL,OF,27,139,497,54,144,26,2,18,69,5,1,39,79,1,4,3,0.29,0.343,0.459,0.802,108,114,124
Jonathan India,KC,2B,28,136,497,63,116,29,0,9,45,0,4,54,106,1,2,13,0.233,0.323,0.346,0.669,103,85,89
Jonathan India,KC,2B,28,136,497,63,116,29,0,9,45,0,4,54,106,1,2,13,0.233,0.323,0.346,0.669,103,85,89
Josh Smith,TEX,3B,28,144,495,70,124,23,2,10,35,12,3,55,100,3,1,8,0.251,0.335,0.366,0.701,107,90,100
Josh Smith,TEX,3B,28,144,495,70,124,23,2,10,35,12,3,55,100,3,1,8,0.251,0.335,0.366,0.701,107,90,100
Trent Grisham,NYY,OF,29,143,494,87,116,9,1,34,74,3,2,82,137,0,1,4,0.235,0.348,0.464,0.812,111,114,129
Trent Grisham,NYY,OF,29,143,494,87,116,9,1,34,74,3,2,82,137,0,1,4,0.235,0.348,0.464,0.812,111,114,129
Gavin Sheets,SD,OF,29,145,492,57,124,28,1,19,71,2,1,44,107,0,4,5,0.252,0.317,0.429,0.746,100,107,111
Gavin Sheets,SD,OF,29,145,492,57,124,28,1,19,71,2,1,44,107,0,4,5,0.252,0.317,0.429,0.746,100,107,111
Masyn Winn,STL,SS,23,129,491,72,124,27,0,9,51,9,5,34,102,2,2,8,0.253,0.31,0.363,0.673,98,90,91
Masyn Winn,STL,SS,23,129,491,72,124,27,0,9,51,9,5,34,102,2,2,8,0.253,0.31,0.363,0.673,98,90,91
Xander Bogaerts,SD,SS,33,136,491,63,129,30,0,11,53,20,2,48,94,1,8,4,0.263,0.328,0.391,0.719,104,97,104
Xander Bogaerts,SD,SS,33,136,491,63,129,30,0,11,53,20,2,48,94,1,8,4,0.263,0.328,0.391,0.719,104,97,104
Willson Contreras,STL,1B,33,135,490,70,126,31,1,20,80,5,1,44,142,1,4,23,0.257,0.344,0.447,0.791,108,111,124
Willson Contreras,STL,1B,33,135,490,70,126,31,1,20,80,5,1,44,142,1,4,23,0.257,0.344,0.447,0.791,108,111,124
Paul Goldschmidt,NYY,1B,38,146,489,76,134,31,1,10,45,5,1,36,100,0,2,4,0.274,0.328,0.403,0.731,105,99,103
Paul Goldschmidt,NYY,1B,38,146,489,76,134,31,1,10,45,5,1,36,100,0,2,4,0.274,0.328,0.403,0.731,105,99,103
Wyatt Langford,TEX,OF,24,134,489,73,118,25,1,22,62,22,6,74,151,0,5,5,0.241,0.344,0.431,0.775,110,106,118
Wyatt Langford,TEX,OF,24,134,489,73,118,25,1,22,62,22,6,74,151,0,5,5,0.241,0.344,0.431,0.775,110,106,118
Nolan Schanuel,LAA,1B,23,132,488,64,129,23,1,12,53,5,1,59,71,3,4,10,0.264,0.353,0.389,0.742,113,96,109
Nolan Schanuel,LAA,1B,23,132,488,64,129,23,1,12,53,5,1,59,71,3,4,10,0.264,0.353,0.389,0.742,113,96,109
Byron Buxton,MIN,OF,31,126,488,97,129,21,7,35,83,24,0,41,148,0,6,7,0.264,0.327,0.551,0.878,104,136,136
Byron Buxton,MIN,OF,31,126,488,97,129,21,7,35,83,24,0,41,148,0,6,7,0.264,0.327,0.551,0.878,104,136,136
Marcell Ozuna,ATL,DH,35,145,487,61,113,19,0,21,68,0,0,94,144,0,7,3,0.232,0.355,0.4,0.755,112,100,114
Marcell Ozuna,ATL,DH,35,145,487,61,113,19,0,21,68,0,0,94,144,0,7,3,0.232,0.355,0.4,0.755,112,100,114
Brooks Lee,MIN,SS,24,139,487,50,115,15,1,16,64,3,1,31,92,0,5,4,0.236,0.285,0.37,0.655,91,91,81
Brooks Lee,MIN,SS,24,139,487,50,115,15,1,16,64,3,1,31,92,0,5,4,0.236,0.285,0.37,0.655,91,91,81
Jacob Wilson,ATH,SS,23,125,486,62,151,26,0,13,63,5,2,27,39,2,1,7,0.311,0.355,0.444,0.799,113,110,121
Jacob Wilson,ATH,SS,23,125,486,62,151,26,0,13,63,5,2,27,39,2,1,7,0.311,0.355,0.444,0.799,113,110,121
Josh Jung,TEX,3B,27,131,482,53,121,23,1,14,61,4,1,27,129,0,0,2,0.251,0.294,0.39,0.684,94,96,91
Josh Jung,TEX,3B,27,131,482,53,121,23,1,14,61,4,1,27,129,0,0,2,0.251,0.294,0.39,0.684,94,96,91
Shea Langeliers,ATH,C,28,123,481,73,133,32,0,31,72,7,1,36,103,0,5,1,0.277,0.325,0.536,0.861,104,132,132
Shea Langeliers,ATH,C,28,123,481,73,133,32,0,31,72,7,1,36,103,0,5,1,0.277,0.325,0.536,0.861,104,132,132
Ketel Marte,ARI,2B,32,126,480,87,136,28,0,28,72,4,2,64,83,0,3,9,0.283,0.376,0.517,0.893,118,129,145
Ketel Marte,ARI,2B,32,126,480,87,136,28,0,28,72,4,2,64,83,0,3,9,0.283,0.376,0.517,0.893,118,129,145
Andrew McCutchen,PIT,DH,39,135,477,51,114,22,0,13,57,1,1,67,118,0,3,2,0.239,0.333,0.367,0.7,105,91,95
Andrew McCutchen,PIT,DH,39,135,477,51,114,22,0,13,57,1,1,67,118,0,3,2,0.239,0.333,0.367,0.7,105,91,95
Eric Wagaman,MIA,1B,28,140,476,56,119,28,3,9,53,4,1,32,100,0,5,1,0.25,0.296,0.378,0.674,93,94,85
Eric Wagaman,MIA,1B,28,140,476,56,119,28,3,9,53,4,1,32,100,0,5,1,0.25,0.296,0.378,0.674,93,94,85
Jorge Polanco,SEA,2B,32,138,471,64,125,30,0,26,78,6,3,42,82,3,5,3,0.265,0.326,0.495,0.821,104,122,132
Jorge Polanco,SEA,2B,32,138,471,64,125,30,0,26,78,6,3,42,82,3,5,3,0.265,0.326,0.495,0.821,104,122,132
Oneil Cruz,PIT,OF,27,135,471,62,94,18,3,20,61,38,5,64,174,0,5,4,0.2,0.298,0.378,0.676,94,94,86
Oneil Cruz,PIT,OF,27,135,471,62,94,18,3,20,61,38,5,64,174,0,5,4,0.2,0.298,0.378,0.676,94,94,86
Marcus Semien,TEX,2B,35,127,470,62,108,16,1,15,62,11,1,50,93,0,9,5,0.23,0.305,0.364,0.669,97,90,89
Marcus Semien,TEX,2B,35,127,470,62,108,16,1,15,62,11,1,50,93,0,9,5,0.23,0.305,0.364,0.669,97,90,89
Joey Ortiz,MIL,SS,27,149,470,62,108,18,1,7,45,14,3,27,74,6,0,3,0.23,0.276,0.317,0.593,87,79,67
Joey Ortiz,MIL,SS,27,149,470,62,108,18,1,7,45,14,3,27,74,6,0,3,0.23,0.276,0.317,0.593,87,79,67
Kyle Manzardo,CLE,1B,25,142,470,47,110,19,2,27,70,2,0,48,135,0,5,8,0.234,0.313,0.455,0.768,100,112,113
Kyle Manzardo,CLE,1B,25,142,470,47,110,19,2,27,70,2,0,48,135,0,5,8,0.234,0.313,0.455,0.768,100,112,113
Josh Bell,WSH,1B,33,140,468,54,111,16,1,22,63,0,3,57,88,0,3,5,0.237,0.325,0.417,0.742,102,104,107
Josh Bell,WSH,1B,33,140,468,54,111,16,1,22,63,0,3,57,88,0,3,5,0.237,0.325,0.417,0.742,102,104,107
Ben Rice,NYY,C,26,138,467,74,119,28,4,26,65,3,2,50,100,0,2,9,0.255,0.337,0.499,0.836,108,123,133
Ben Rice,NYY,C,26,138,467,74,119,28,4,26,65,3,2,50,100,0,2,9,0.255,0.337,0.499,0.836,108,123,133
Alec Bohm,PHI,3B,29,120,464,53,133,18,3,11,59,2,0,29,82,0,6,5,0.287,0.331,0.409,0.74,104,102,105
Alec Bohm,PHI,3B,29,120,464,53,133,18,3,11,59,2,0,29,82,0,6,5,0.287,0.331,0.409,0.74,104,102,105
Addison Barger,TOR,OF,26,135,460,61,112,32,1,21,74,4,1,36,121,0,2,3,0.243,0.301,0.454,0.755,96,112,107
Addison Barger,TOR,OF,26,135,460,61,112,32,1,21,74,4,1,36,121,0,2,3,0.243,0.301,0.454,0.755,96,112,107
Brendan Donovan,STL,2B,28,118,460,64,132,32,0,10,50,3,3,42,67,2,4,7,0.287,0.353,0.422,0.775,111,105,119
Brendan Donovan,STL,2B,28,118,460,64,132,32,0,10,50,3,3,42,67,2,4,7,0.287,0.353,0.422,0.775,111,105,119
Mike Trout,LAA,OF,34,130,456,73,106,14,1,26,64,2,0,87,178,0,6,6,0.232,0.359,0.439,0.798,115,108,120
Mike Trout,LAA,OF,34,130,456,73,106,14,1,26,64,2,0,87,178,0,6,6,0.232,0.359,0.439,0.798,115,108,120
Matt Chapman,SF,3B,32,128,454,76,105,23,2,21,61,9,4,71,126,0,4,6,0.231,0.34,0.43,0.77,107,107,118
Matt Chapman,SF,3B,32,128,454,76,105,23,2,21,61,9,4,71,126,0,4,6,0.231,0.34,0.43,0.77,107,107,118
Zach McKinstry,DET,SS,30,144,452,68,117,23,11,12,49,19,5,46,111,1,5,7,0.259,0.333,0.438,0.771,106,108,114
Zach McKinstry,DET,SS,30,144,452,68,117,23,11,12,49,19,5,46,111,1,5,7,0.259,0.333,0.438,0.771,106,108,114
Alejandro Kirk,TOR,C,27,130,451,45,127,18,0,15,76,1,0,48,59,0,6,1,0.282,0.348,0.421,0.769,111,104,116
Alejandro Kirk,TOR,C,27,130,451,45,127,18,0,15,76,1,0,48,59,0,6,1,0.282,0.348,0.421,0.769,111,104,116
Chase Meidroth,CWS,SS,24,122,450,54,114,15,0,5,23,14,4,45,72,3,1,6,0.253,0.329,0.32,0.649,105,79,87
Chase Meidroth,CWS,SS,24,122,450,54,114,15,0,5,23,14,4,45,72,3,1,6,0.253,0.329,0.32,0.649,105,79,87
Gavin Lux,CIN,OF,28,140,446,49,120,28,2,5,53,1,0,56,114,0,1,0,0.269,0.35,0.374,0.724,110,93,102
Gavin Lux,CIN,OF,28,140,446,49,120,28,2,5,53,1,0,56,114,0,1,0,0.269,0.35,0.374,0.724,110,93,102
Caleb Durbin,MIL,3B,25,136,445,60,114,25,0,11,53,18,6,30,50,3,4,24,0.256,0.334,0.387,0.721,105,96,105
Caleb Durbin,MIL,3B,25,136,445,60,114,25,0,11,53,18,6,30,50,3,4,24,0.256,0.334,0.387,0.721,105,96,105
Nathaniel Lowe,WSH,1B,30,119,440,50,95,17,2,16,68,1,0,47,130,0,2,1,0.216,0.292,0.373,0.665,97,95,91
Nathaniel Lowe,WSH,1B,30,119,440,50,95,17,2,16,68,1,0,47,130,0,2,1,0.216,0.292,0.373,0.665,97,95,91
Jake Cronenworth,SD,2B,31,135,419,61,103,20,1,11,59,3,3,69,107,4,7,15,0.246,0.367,0.377,0.744,116,94,117
Jake Cronenworth,SD,2B,31,135,419,61,103,20,1,11,59,3,3,69,107,4,7,15,0.246,0.367,0.377,0.744,116,94,117
Ke'Bryan Hayes,PIT,3B,28,100,369,34,87,10,2,2,36,10,2,18,81,1,0,4,0.236,0.279,0.29,0.569,91,76,65
Ke'Bryan Hayes,PIT,3B,28,100,369,34,87,10,2,2,36,10,2,18,81,1,0,4,0.236,0.279,0.29,0.569,91,76,65
Ryan McMahon,COL,3B,30,100,350,42,76,15,1,16,35,2,1,49,127,0,1,1,0.217,0.314,0.403,0.717,99,95,86
Ryan McMahon,COL,3B,30,100,350,42,76,15,1,16,35,2,1,49,127,0,1,1,0.217,0.314,0.403,0.717,99,95,86
Josh Naylor,ARI,1B,28,93,349,49,102,19,1,11,59,11,2,37,49,0,4,2,0.292,0.36,0.447,0.807,112,115,128
Josh Naylor,ARI,1B,28,93,349,49,102,19,1,11,59,11,2,37,49,0,4,2,0.292,0.36,0.447,0.807,112,115,128
Carlos Correa,MIN,3B,31,93,337,40,90,19,0,7,31,0,0,26,68,0,1,0,0.267,0.319,0.386,0.705,106,99,106
Carlos Correa,MIN,3B,31,93,337,40,90,19,0,7,31,0,0,26,68,0,1,0,0.267,0.319,0.386,0.705,106,99,106
Rafael Devers,SF,1B,29,90,335,52,79,15,0,20,51,0,0,56,116,0,2,2,0.236,0.347,0.46,0.807,118,119,135
Rafael Devers,SF,1B,29,90,335,52,79,15,0,20,51,0,0,56,116,0,2,2,0.236,0.347,0.46,0.807,118,119,135
Mike Yastrzemski,SF,OF,35,97,321,38,74,14,1,8,28,6,2,47,86,2,1,1,0.231,0.33,0.355,0.685,105,100,106
Mike Yastrzemski,SF,OF,35,97,321,38,74,14,1,8,28,6,2,47,86,2,1,1,0.231,0.33,0.355,0.685,105,100,106
Ryan O'Hearn,BAL,1B,32,94,311,45,88,15,1,13,43,3,1,42,63,0,3,5,0.283,0.374,0.463,0.837,116,108,127
Ryan O'Hearn,BAL,1B,32,94,311,45,88,15,1,13,43,3,1,42,63,0,3,5,0.283,0.374,0.463,0.837,116,108,127
Rafael Devers,BOS,1B,29,73,272,47,74,18,0,15,58,1,1,56,76,0,2,4,0.272,0.401,0.504,0.905,118,119,135
Rafael Devers,BOS,1B,29,73,272,47,74,18,0,15,58,1,1,56,76,0,2,4,0.272,0.401,0.504,0.905,118,119,135
Carlos Correa,HOU,3B,31,51,200,23,58,10,0,6,21,0,0,19,45,0,0,1,0.29,0.355,0.43,0.785,106,99,106
Carlos Correa,HOU,3B,31,51,200,23,58,10,0,6,21,0,0,19,45,0,0,1,0.29,0.355,0.43,0.785,106,99,106
Josh Naylor,SEA,1B,28,54,194,32,58,10,0,9,33,19,0,11,34,0,1,2,0.299,0.341,0.49,0.831,112,115,128
Josh Naylor,SEA,1B,28,54,194,32,58,10,0,9,33,19,0,11,34,0,1,2,0.299,0.341,0.49,0.831,112,115,128
Ryan O'Hearn,SD,1B,32,50,163,22,45,6,0,4,20,0,0,16,46,0,1,3,0.276,0.35,0.387,0.737,116,108,127
Ryan O'Hearn,SD,1B,32,50,163,22,45,6,0,4,20,0,0,16,46,0,1,3,0.276,0.35,0.387,0.737,116,108,127
Ryan McMahon,NYY,3B,30,54,159,20,33,8,0,4,18,1,0,21,62,0,2,3,0.208,0.308,0.333,0.641,99,95,86
Ryan McMahon,NYY,3B,30,54,159,20,33,8,0,4,18,1,0,21,62,0,2,3,0.208,0.308,0.333,0.641,99,95,86
Ke'Bryan Hayes,CIN,3B,28,52,158,16,37,6,1,3,13,2,1,18,30,0,1,1,0.234,0.315,0.342,0.657,91,76,65
Ke'Bryan Hayes,CIN,3B,28,52,158,16,37,6,1,3,13,2,1,18,30,0,1,1,0.234,0.315,0.342,0.657,91,76,65
Mike Yastrzemski,KC,OF,35,50,156,30,37,14,0,9,18,1,0,25,22,0,4,1,0.237,0.339,0.5,0.839,105,100,106
Mike Yastrzemski,KC,OF,35,50,156,30,37,14,0,9,18,1,0,25,22,0,4,1,0.237,0.339,0.5,0.839,105,100,106
Nathaniel Lowe,BOS,1B,30,34,100,14,28,6,1,2,16,0,0,15,29,0,3,1,0.28,0.37,0.42,0.79,97,95,91
Nathaniel Lowe,BOS,1B,30,34,100,14,28,6,1,2,16,0,0,15,29,0,3,1,0.28,0.37,0.42,0.79,97,95,91
